ID,Nhóm,Method,Path tương đối /api,Kiểm tra,Ghi chú,Source URL,Offset
P001,Kích hoạt,POST,/activation-codes/activate,Client xác nhận; chưa gửi request ghi,Có method/path trong service client; schema đầy đủ và response nghiệp vụ chưa được kiểm tra.,https://parroto.app/_next/static/chunks/pages/_app-6589d8431d4dbd84.js,309569
P002,Cộng tác viên,POST,/affiliate/code,Client xác nhận; chưa gửi request ghi,Có method/path trong service client; schema đầy đủ và response nghiệp vụ chưa được kiểm tra.,https://parroto.app/_next/static/chunks/pages/_app-6589d8431d4dbd84.js,293474
P003,Cộng tác viên,GET,/affiliate/commissions,Client xác nhận; chưa thử GET của route này,Có method/path trong service client; schema đầy đủ và response nghiệp vụ chưa được kiểm tra.,https://parroto.app/_next/static/chunks/pages/_app-6589d8431d4dbd84.js,294353
P004,Cộng tác viên,GET,/affiliate/me,HTTP 401,Có method/path trong service client; schema đầy đủ và response nghiệp vụ chưa được kiểm tra.,https://parroto.app/_next/static/chunks/pages/_app-6589d8431d4dbd84.js,291192
P005,Cộng tác viên,GET,/affiliate/packages,HTTP 401,Có method/path trong service client; schema đầy đủ và response nghiệp vụ chưa được kiểm tra.,https://parroto.app/_next/static/chunks/pages/_app-6589d8431d4dbd84.js,295675
P006,Cộng tác viên,GET,/affiliate/payout-profile,HTTP 401,Có method/path trong service client; schema đầy đủ và response nghiệp vụ chưa được kiểm tra.,https://parroto.app/_next/static/chunks/pages/_app-6589d8431d4dbd84.js,294839
P007,Cộng tác viên,PUT,/affiliate/payout-profile,Client xác nhận; chưa gửi request ghi,Có method/path trong service client; schema đầy đủ và response nghiệp vụ chưa được kiểm tra.,https://parroto.app/_next/static/chunks/pages/_app-6589d8431d4dbd84.js,295079
P008,Cộng tác viên,GET,/affiliate/payouts,Client xác nhận; chưa thử GET của route này,Có method/path trong service client; schema đầy đủ và response nghiệp vụ chưa được kiểm tra.,https://parroto.app/_next/static/chunks/pages/_app-6589d8431d4dbd84.js,295386
P009,Cộng tác viên,POST,/affiliate/payouts,Client xác nhận; chưa gửi request ghi,Có method/path trong service client; schema đầy đủ và response nghiệp vụ chưa được kiểm tra.,https://parroto.app/_next/static/chunks/pages/_app-6589d8431d4dbd84.js,295577
P010,Cộng tác viên,POST,/affiliate/prepare-paddle-checkout,Client xác nhận; chưa gửi request ghi,Có method/path trong service client; schema đầy đủ và response nghiệp vụ chưa được kiểm tra.,https://parroto.app/_next/static/chunks/pages/_app-6589d8431d4dbd84.js,293566
P011,Cộng tác viên,GET,/affiliate/referrals,Client xác nhận; chưa thử GET của route này,Có method/path trong service client; schema đầy đủ và response nghiệp vụ chưa được kiểm tra.,https://parroto.app/_next/static/chunks/pages/_app-6589d8431d4dbd84.js,293863
P012,Chat cộng đồng,GET,/community-chat,Client xác nhận; chưa thử GET của route này,Có method/path trong service client; schema đầy đủ và response nghiệp vụ chưa được kiểm tra.,https://parroto.app/_next/static/chunks/9009-38caf9c3316e603e.js,544
P013,Chat cộng đồng,POST,/community-chat,Client xác nhận; chưa gửi request ghi,Có method/path trong service client; schema đầy đủ và response nghiệp vụ chưa được kiểm tra.,https://parroto.app/_next/static/chunks/9009-38caf9c3316e603e.js,764
P014,Chat cộng đồng,POST,/community-chat/ban/{id},Client xác nhận; chưa gửi request ghi,Có method/path trong service client; schema đầy đủ và response nghiệp vụ chưa được kiểm tra.,https://parroto.app/_next/static/chunks/9009-38caf9c3316e603e.js,1096
P015,Chat cộng đồng,POST,/community-chat/unban/{id},Client xác nhận; chưa gửi request ghi,Có method/path trong service client; schema đầy đủ và response nghiệp vụ chưa được kiểm tra.,https://parroto.app/_next/static/chunks/9009-38caf9c3316e603e.js,1185
P016,Chat cộng đồng,PATCH,/community-chat/{id}/hide,Client xác nhận; chưa gửi request ghi,Có method/path trong service client; schema đầy đủ và response nghiệp vụ chưa được kiểm tra.,https://parroto.app/_next/static/chunks/9009-38caf9c3316e603e.js,919
P017,Chat cộng đồng,PATCH,/community-chat/{id}/unhide,Client xác nhận; chưa gửi request ghi,Có method/path trong service client; schema đầy đủ và response nghiệp vụ chưa được kiểm tra.,https://parroto.app/_next/static/chunks/9009-38caf9c3316e603e.js,1012
P018,Bài học cộng đồng / shorts,GET,/community-lessons,HTTP 200,Có method/path trong service client; schema đầy đủ và response nghiệp vụ chưa được kiểm tra.,https://parroto.app/_next/static/chunks/5247-0206db5333cd284f.js,901
P019,Bài học cộng đồng / shorts,POST,/community-lessons/from-youtube,Client xác nhận; chưa gửi request ghi,POST object từ caller; khác import admin LEnglish về quyền sở hữu/quota.,https://parroto.app/_next/static/chunks/5247-0206db5333cd284f.js,818
P020,Bài học cộng đồng / shorts,GET,/community-lessons/mine,Client xác nhận; chưa thử GET của route này,Có method/path trong service client; schema đầy đủ và response nghiệp vụ chưa được kiểm tra.,https://parroto.app/_next/static/chunks/5247-0206db5333cd284f.js,1297
P021,Bài học cộng đồng / shorts,GET,/community-lessons/quota,Client xác nhận; chưa thử GET của route này,Có method/path trong service client; schema đầy đủ và response nghiệp vụ chưa được kiểm tra.,https://parroto.app/_next/static/chunks/5247-0206db5333cd284f.js,1192
P022,Bài học cộng đồng / shorts,GET,/community-lessons/shorts,Client xác nhận; chưa thử GET của route này,Query có exclude từ danh sách excludeIds.,https://parroto.app/_next/static/chunks/pages/shorts-61a1af84b72b95ca.js,26266
P023,Bài học cộng đồng / shorts,GET,/community-lessons/tags/{id}/lessons,Client xác nhận; chưa thử GET của route này,Có method/path trong service client; schema đầy đủ và response nghiệp vụ chưa được kiểm tra.,https://parroto.app/_next/static/chunks/5247-0206db5333cd284f.js,1017
P024,Bài học cộng đồng / shorts,DELETE,/community-lessons/{id},Client xác nhận; chưa gửi request ghi,Có method/path trong service client; schema đầy đủ và response nghiệp vụ chưa được kiểm tra.,https://parroto.app/_next/static/chunks/5247-0206db5333cd284f.js,2035
P025,Bài học cộng đồng / shorts,GET,/community-lessons/{id},Client xác nhận; chưa thử GET của route này,Có method/path trong service client; schema đầy đủ và response nghiệp vụ chưa được kiểm tra.,https://parroto.app/_next/static/chunks/5247-0206db5333cd284f.js,1406
P026,Bài học cộng đồng / shorts,PUT,/community-lessons/{id},Client xác nhận; chưa gửi request ghi,Có method/path trong service client; schema đầy đủ và response nghiệp vụ chưa được kiểm tra.,https://parroto.app/_next/static/chunks/5247-0206db5333cd284f.js,1512
P027,Bài học cộng đồng / shorts,POST,/community-lessons/{id}/like,Client xác nhận; chưa gửi request ghi,Có method/path trong service client; schema đầy đủ và response nghiệp vụ chưa được kiểm tra.,https://parroto.app/_next/static/chunks/pages/shorts-61a1af84b72b95ca.js,26477
P028,Bài học cộng đồng / shorts,POST,/community-lessons/{id}/retry,Client xác nhận; chưa gửi request ghi,Có method/path trong service client; schema đầy đủ và response nghiệp vụ chưa được kiểm tra.,https://parroto.app/_next/static/chunks/5247-0206db5333cd284f.js,1952
P029,Bài học cộng đồng / shorts,POST,/community-lessons/{id}/sentences,Client xác nhận; chưa gửi request ghi,Có method/path trong service client; schema đầy đủ và response nghiệp vụ chưa được kiểm tra.,https://parroto.app/_next/static/chunks/5247-0206db5333cd284f.js,1602
P030,Bài học cộng đồng / shorts,DELETE,/community-lessons/{id}/sentences/{id},Client xác nhận; chưa gửi request ghi,Có method/path trong service client; schema đầy đủ và response nghiệp vụ chưa được kiểm tra.,https://parroto.app/_next/static/chunks/5247-0206db5333cd284f.js,1739
P031,Bài học cộng đồng / shorts,POST,/community-lessons/{id}/submit,Client xác nhận; chưa gửi request ghi,Có method/path trong service client; schema đầy đủ và response nghiệp vụ chưa được kiểm tra.,https://parroto.app/_next/static/chunks/5247-0206db5333cd284f.js,1869
P032,Bài học cộng đồng / shorts,GET,/community-lessons/{id}/transcript,Client xác nhận; chưa thử GET của route này,"Query after_order, limit; caller đọc sentences, has_more và các trường start_ms/end_ms.",https://parroto.app/_next/static/chunks/pages/shorts-61a1af84b72b95ca.js,26775
P033,Bài học cộng đồng / shorts,POST,/community-lessons/{id}/view,Client xác nhận; chưa gửi request ghi,Có method/path trong service client; schema đầy đủ và response nghiệp vụ chưa được kiểm tra.,https://parroto.app/_next/static/chunks/pages/shorts-61a1af84b72b95ca.js,27257
P034,Thống kê cộng đồng,GET,/community-stats/my-stats,HTTP 401,Có method/path trong service client; schema đầy đủ và response nghiệp vụ chưa được kiểm tra.,https://parroto.app/_next/static/chunks/6114-76e464e05e385b43.js,3873
P035,Từ điển,GET,/dictionary/search,HTTP 200,"Query word, locale; GET hello/locale=en trả 200.",https://parroto.app/_next/static/chunks/7963-55e712e1e6908b46.js,559
P036,Từ điển,GET,/dictionary/word/{id},Client xác nhận; chưa thử GET của route này,Path là word đã normalize; probe /hello trả 401. Wrapper bật generateKey.,https://parroto.app/_next/static/chunks/7963-55e712e1e6908b46.js,239
P037,Đề thi,GET,/exams/comments/replies/{id},Client xác nhận; chưa thử GET của route này,Có method/path trong service client; schema đầy đủ và response nghiệp vụ chưa được kiểm tra.,https://parroto.app/_next/static/chunks/5554-67f09283b16fe43c.js,4978
P038,Đề thi,DELETE,/exams/comments/{id},Client xác nhận; chưa gửi request ghi,Có method/path trong service client; schema đầy đủ và response nghiệp vụ chưa được kiểm tra.,https://parroto.app/_next/static/chunks/5554-67f09283b16fe43c.js,5126
P039,Đề thi,GET,/exams/published/sets,HTTP 200,Query exam_type_code khi được truyền; không phải chỉ URL factory.,https://parroto.app/_next/static/chunks/5554-67f09283b16fe43c.js,1893
P040,Đề thi,GET,/exams/published/{id},Client xác nhận; chưa thử GET của route này,getExamOverview nhận path argument; chưa khẳng định ID/slug qua runtime.,https://parroto.app/_next/static/chunks/5554-67f09283b16fe43c.js,2049
P041,Đề thi,GET,/exams/sessions/analytics,HTTP 401,Có method/path trong service client; schema đầy đủ và response nghiệp vụ chưa được kiểm tra.,https://parroto.app/_next/static/chunks/5554-67f09283b16fe43c.js,4514
P042,Đề thi,GET,/exams/sessions/history,HTTP 401,Có method/path trong service client; schema đầy đủ và response nghiệp vụ chưa được kiểm tra.,https://parroto.app/_next/static/chunks/5554-67f09283b16fe43c.js,4379
P043,Đề thi,POST,/exams/sessions/start,Client xác nhận; chưa gửi request ghi,Có method/path trong service client; schema đầy đủ và response nghiệp vụ chưa được kiểm tra.,https://parroto.app/_next/static/chunks/5554-67f09283b16fe43c.js,2186
P044,Đề thi,GET,/exams/sessions/{id},Client xác nhận; chưa thử GET của route này,Có method/path trong service client; schema đầy đủ và response nghiệp vụ chưa được kiểm tra.,https://parroto.app/_next/static/chunks/5554-67f09283b16fe43c.js,2318
P045,Đề thi,POST,/exams/sessions/{id}/abandon,Client xác nhận; chưa gửi request ghi,Có method/path trong service client; schema đầy đủ và response nghiệp vụ chưa được kiểm tra.,https://parroto.app/_next/static/chunks/5554-67f09283b16fe43c.js,3720
P046,Đề thi,PUT,/exams/sessions/{id}/answer,Client xác nhận; chưa gửi request ghi,Có method/path trong service client; schema đầy đủ và response nghiệp vụ chưa được kiểm tra.,https://parroto.app/_next/static/chunks/5554-67f09283b16fe43c.js,3194
P047,Đề thi,PUT,/exams/sessions/{id}/answers,Client xác nhận; chưa gửi request ghi,Có method/path trong service client; schema đầy đủ và response nghiệp vụ chưa được kiểm tra.,https://parroto.app/_next/static/chunks/5554-67f09283b16fe43c.js,3316
P048,Đề thi,GET,/exams/sessions/{id}/check/{id},Client xác nhận; chưa thử GET của route này,Có method/path trong service client; schema đầy đủ và response nghiệp vụ chưa được kiểm tra.,https://parroto.app/_next/static/chunks/5554-67f09283b16fe43c.js,3561
P049,Đề thi,PUT,/exams/sessions/{id}/flag,Client xác nhận; chưa gửi request ghi,Có method/path trong service client; schema đầy đủ và response nghiệp vụ chưa được kiểm tra.,https://parroto.app/_next/static/chunks/5554-67f09283b16fe43c.js,3431
P050,Đề thi,GET,/exams/sessions/{id}/questions,Client xác nhận; chưa thử GET của route này,Query part khi được truyền.,https://parroto.app/_next/static/chunks/5554-67f09283b16fe43c.js,2544
P051,Đề thi,GET,/exams/sessions/{id}/result,Client xác nhận; chưa thử GET của route này,Có method/path trong service client; schema đầy đủ và response nghiệp vụ chưa được kiểm tra.,https://parroto.app/_next/static/chunks/5554-67f09283b16fe43c.js,3974
P052,Đề thi,POST,/exams/sessions/{id}/submit,Client xác nhận; chưa gửi request ghi,Có method/path trong service client; schema đầy đủ và response nghiệp vụ chưa được kiểm tra.,https://parroto.app/_next/static/chunks/5554-67f09283b16fe43c.js,3830
P053,Đề thi,GET,/exams/{id}/comments,Client xác nhận; chưa thử GET của route này,Có method/path trong service client; schema đầy đủ và response nghiệp vụ chưa được kiểm tra.,https://parroto.app/_next/static/chunks/5554-67f09283b16fe43c.js,4683
P054,Đề thi,POST,/exams/{id}/comments,Client xác nhận; chưa gửi request ghi,Có method/path trong service client; schema đầy đủ và response nghiệp vụ chưa được kiểm tra.,https://parroto.app/_next/static/chunks/5554-67f09283b16fe43c.js,4828
P055,Phản hồi (ngoài phạm vi so sánh),POST,/feedback,Client xác nhận; chưa gửi request ghi,Có method/path trong service client; schema đầy đủ và response nghiệp vụ chưa được kiểm tra.,https://parroto.app/_next/static/chunks/pages/feedbacks-e788805ae8b4d23c.js,2400
P056,Phản hồi (ngoài phạm vi so sánh),GET,/feedback/my,HTTP 401,Có method/path trong service client; schema đầy đủ và response nghiệp vụ chưa được kiểm tra.,https://parroto.app/_next/static/chunks/pages/feedbacks-e788805ae8b4d23c.js,2226
P057,Phản hồi (ngoài phạm vi so sánh),GET,/feedback/public,Client xác nhận; chưa thử GET của route này,Có method/path trong service client; schema đầy đủ và response nghiệp vụ chưa được kiểm tra.,https://parroto.app/_next/static/chunks/pages/feedbacks-e788805ae8b4d23c.js,1622
P058,Bạn bè,GET,/friends,Client xác nhận; chưa thử GET của route này,Có method/path trong service client; schema đầy đủ và response nghiệp vụ chưa được kiểm tra.,https://parroto.app/_next/static/chunks/8506-9e16008f47955a81.js,582
P059,Bạn bè,POST,/friends/accept/{id},Client xác nhận; chưa gửi request ghi,Có method/path trong service client; schema đầy đủ và response nghiệp vụ chưa được kiểm tra.,https://parroto.app/_next/static/chunks/8506-9e16008f47955a81.js,1592
P060,Bạn bè,POST,/friends/reject/{id},Client xác nhận; chưa gửi request ghi,Có method/path trong service client; schema đầy đủ và response nghiệp vụ chưa được kiểm tra.,https://parroto.app/_next/static/chunks/8506-9e16008f47955a81.js,1662
P061,Bạn bè,POST,/friends/request,Client xác nhận; chưa gửi request ghi,Có method/path trong service client; schema đầy đủ và response nghiệp vụ chưa được kiểm tra.,https://parroto.app/_next/static/chunks/8506-9e16008f47955a81.js,1516
P062,Bạn bè,GET,/friends/requests/incoming,Client xác nhận; chưa thử GET của route này,Có method/path trong service client; schema đầy đủ và response nghiệp vụ chưa được kiểm tra.,https://parroto.app/_next/static/chunks/8506-9e16008f47955a81.js,981
P063,Bạn bè,GET,/friends/search,Client xác nhận; chưa thử GET của route này,Có method/path trong service client; schema đầy đủ và response nghiệp vụ chưa được kiểm tra.,https://parroto.app/_next/static/chunks/8506-9e16008f47955a81.js,1312
P064,Bạn bè,GET,/friends/status/{id},Client xác nhận; chưa thử GET của route này,Có method/path trong service client; schema đầy đủ và response nghiệp vụ chưa được kiểm tra.,https://parroto.app/_next/static/chunks/8506-9e16008f47955a81.js,1744
P065,Bạn bè,DELETE,/friends/{id},Client xác nhận; chưa gửi request ghi,Có method/path trong service client; schema đầy đủ và response nghiệp vụ chưa được kiểm tra.,https://parroto.app/_next/static/chunks/8506-9e16008f47955a81.js,1840
P066,Trò chơi,GET,/games/feed,HTTP 200,Có method/path trong service client; schema đầy đủ và response nghiệp vụ chưa được kiểm tra.,https://parroto.app/_next/static/chunks/pages/games-0ac9d52dd6838747.js,550
P067,Trò chơi,POST,/games/sessions,Client xác nhận; chưa gửi request ghi,Có method/path trong service client; schema đầy đủ và response nghiệp vụ chưa được kiểm tra.,https://parroto.app/_next/static/chunks/pages/games-0ac9d52dd6838747.js,314
P068,Trò chơi,GET,/games/top-players,HTTP 200,Có method/path trong service client; schema đầy đủ và response nghiệp vụ chưa được kiểm tra.,https://parroto.app/_next/static/chunks/pages/games-0ac9d52dd6838747.js,844
P069,Comments qua wrapper generic,GET,/grammar/comments/replies/{id},Client xác nhận; chưa thử GET của route này,Có method/path trong service client; schema đầy đủ và response nghiệp vụ chưa được kiểm tra.,https://parroto.app/_next/static/chunks/9893-a13a51e75c0c9e8b.js,37274
P070,Comments qua wrapper generic,DELETE,/grammar/comments/{id},Client xác nhận; chưa gửi request ghi,Có method/path trong service client; schema đầy đủ và response nghiệp vụ chưa được kiểm tra.,https://parroto.app/_next/static/chunks/9893-a13a51e75c0c9e8b.js,37486
P071,Comments qua wrapper generic,GET,/grammar/{id}/comments,Client xác nhận; chưa thử GET của route này,Có method/path trong service client; schema đầy đủ và response nghiệp vụ chưa được kiểm tra.,https://parroto.app/_next/static/chunks/9893-a13a51e75c0c9e8b.js,37104
P072,Comments qua wrapper generic,POST,/grammar/{id}/comments,Client xác nhận; chưa gửi request ghi,Có method/path trong service client; schema đầy đủ và response nghiệp vụ chưa được kiểm tra.,https://parroto.app/_next/static/chunks/9893-a13a51e75c0c9e8b.js,37386
P073,Xếp hạng,GET,/leaderboard/home,Client xác nhận; chưa thử GET của route này,"Query period, metric, limit.",https://parroto.app/_next/static/chunks/2189-4fe1fa23085f5ad2.js,1411
P074,Xếp hạng,GET,/leaderboard/monthly,Client xác nhận; chưa thử GET của route này,"Query month, sortBy.",https://parroto.app/_next/static/chunks/2189-4fe1fa23085f5ad2.js,1040
P075,Thời gian học,POST,/learning-time/end,Client xác nhận; chưa gửi request ghi,"JSON có session_id, final_delta_seconds; có xử lý end khi rời trang.",https://parroto.app/_next/static/chunks/pages/_app-6589d8431d4dbd84.js,573130
P076,Thời gian học,POST,/learning-time/heartbeat,Client xác nhận; chưa gửi request ghi,"JSON {session_id, sequence, delta_seconds}; FE mặc định heartbeat 240 giây.",https://parroto.app/_next/static/chunks/pages/_app-6589d8431d4dbd84.js,573083
P077,Thời gian học,POST,/learning-time/start,Client xác nhận; chưa gửi request ghi,"Caller có activity_type, source và ref_id khi có.",https://parroto.app/_next/static/chunks/pages/_app-6589d8431d4dbd84.js,573034
P078,Học / ôn từ,DELETE,/learning-vocabulary/card/{id},Client xác nhận; chưa gửi request ghi,Có method/path trong service client; schema đầy đủ và response nghiệp vụ chưa được kiểm tra.,https://parroto.app/_next/static/chunks/pages/_app-6589d8431d4dbd84.js,296263
P079,Học / ôn từ,PUT,/learning-vocabulary/card/{id}/master,Client xác nhận; chưa gửi request ghi,Có method/path trong service client; schema đầy đủ và response nghiệp vụ chưa được kiểm tra.,https://parroto.app/_next/static/chunks/pages/_app-6589d8431d4dbd84.js,296721
P080,Học / ôn từ,GET,/learning-vocabulary/cards,HTTP 401,Có method/path trong service client; schema đầy đủ và response nghiệp vụ chưa được kiểm tra.,https://parroto.app/_next/static/chunks/pages/_app-6589d8431d4dbd84.js,296895
P081,Học / ôn từ,POST,/learning-vocabulary/cards/remove,Client xác nhận; chưa gửi request ghi,JSON {cardIds: [...]}.,https://parroto.app/_next/static/chunks/pages/_app-6589d8431d4dbd84.js,296956
P082,Học / ôn từ,POST,/learning-vocabulary/cards/reset,Client xác nhận; chưa gửi request ghi,JSON {cardIds: [...]}.,https://parroto.app/_next/static/chunks/pages/_app-6589d8431d4dbd84.js,297034
P083,Học / ôn từ,DELETE,/learning-vocabulary/deck/{id},Client xác nhận; chưa gửi request ghi,Có method/path trong service client; schema đầy đủ và response nghiệp vụ chưa được kiểm tra.,https://parroto.app/_next/static/chunks/pages/_app-6589d8431d4dbd84.js,296341
P084,Học / ôn từ,GET,/learning-vocabulary/enc/due,HTTP 401,"Wrapper nhận object query; route thực dùng, không đồng nhất cache key /cards/due.",https://parroto.app/_next/static/chunks/pages/_app-6589d8431d4dbd84.js,296072
P085,Học / ôn từ,GET,/learning-vocabulary/enc/new,HTTP 401,"Wrapper nhận object query; route thực dùng, không đồng nhất cache key /cards/new.",https://parroto.app/_next/static/chunks/pages/_app-6589d8431d4dbd84.js,296009
P086,Học / ôn từ,DELETE,/learning-vocabulary/group/{id}/{id},Client xác nhận; chưa gửi request ghi,"Hai {id} lần lượt là deck_id, group_id.",https://parroto.app/_next/static/chunks/pages/_app-6589d8431d4dbd84.js,296810
P087,Học / ôn từ,GET,/learning-vocabulary/groups-progress/{id},Client xác nhận; chưa thử GET của route này,Có method/path trong service client; schema đầy đủ và response nghiệp vụ chưa được kiểm tra.,https://parroto.app/_next/static/chunks/pages/_app-6589d8431d4dbd84.js,296642
P088,Học / ôn từ,GET,/learning-vocabulary/session/current,HTTP 401,Có method/path trong service client; schema đầy đủ và response nghiệp vụ chưa được kiểm tra.,https://parroto.app/_next/static/chunks/pages/_app-6589d8431d4dbd84.js,296490
P089,Học / ôn từ,GET,/learning-vocabulary/session/history,HTTP 401,Có method/path trong service client; schema đầy đủ và response nghiệp vụ chưa được kiểm tra.,https://parroto.app/_next/static/chunks/pages/_app-6589d8431d4dbd84.js,296565
P090,Học / ôn từ,POST,/learning-vocabulary/session/start,Client xác nhận; chưa gửi request ghi,JSON từ caller; không tự suy ra payload tương đương LEnglish.,https://parroto.app/_next/static/chunks/pages/_app-6589d8431d4dbd84.js,296414
P091,Học / ôn từ,GET,/learning-vocabulary/stats,HTTP 401,Có method/path trong service client; schema đầy đủ và response nghiệp vụ chưa được kiểm tra.,https://parroto.app/_next/static/chunks/pages/_app-6589d8431d4dbd84.js,296196
P092,Học / ôn từ,POST,/learning-vocabulary/submit,Client xác nhận; chưa gửi request ghi,"JSON từ caller; có lời gọi submitReview, chưa xác minh contract runtime.",https://parroto.app/_next/static/chunks/pages/_app-6589d8431d4dbd84.js,296136
P093,Bài học,GET,/lessons,HTTP 401,"Query: topic_slug, difficulty, title, page, limit, sort_by=order. Có cơ chế token do client sinh; probe không có token trả 401.",https://parroto.app/_next/static/chunks/pages/_app-6589d8431d4dbd84.js,297784
P094,Bài học,GET,/lessons/comments/replies/{id},Client xác nhận; chưa thử GET của route này,Có method/path trong service client; schema đầy đủ và response nghiệp vụ chưa được kiểm tra.,https://parroto.app/_next/static/chunks/9893-a13a51e75c0c9e8b.js,37274
P095,Bài học,DELETE,/lessons/comments/{id},Client xác nhận; chưa gửi request ghi,Có method/path trong service client; schema đầy đủ và response nghiệp vụ chưa được kiểm tra.,https://parroto.app/_next/static/chunks/9893-a13a51e75c0c9e8b.js,37486
P096,Bài học,POST,/lessons/complete,Client xác nhận; chưa gửi request ghi,JSON {data: ...} qua helper đóng gói; chưa xác minh đầy đủ nội dung nghiệp vụ.,https://parroto.app/_next/static/chunks/pages/_app-6589d8431d4dbd84.js,298387
P097,Bài học,GET,/lessons/daily,HTTP 200,Có method/path trong service client; schema đầy đủ và response nghiệp vụ chưa được kiểm tra.,https://parroto.app/_next/static/chunks/pages/_app-6589d8431d4dbd84.js,298939
P098,Bài học,GET,/lessons/progress,HTTP 401,"Query topic_id; tiến độ bài theo chủ đề, khác vị trí phát video.",https://parroto.app/_next/static/chunks/pages/_app-6589d8431d4dbd84.js,298694
P099,Bài học,POST,/lessons/reset,Client xác nhận; chưa gửi request ghi,"JSON {lesson_id, type}.",https://parroto.app/_next/static/chunks/pages/_app-6589d8431d4dbd84.js,298542
P100,Bài học,GET,/lessons/suggest,HTTP 401,Query lesson_id.,https://parroto.app/_next/static/chunks/pages/_app-6589d8431d4dbd84.js,299119
P101,Bài học,GET,/lessons/{id}/comments,Client xác nhận; chưa thử GET của route này,Có method/path trong service client; schema đầy đủ và response nghiệp vụ chưa được kiểm tra.,https://parroto.app/_next/static/chunks/9893-a13a51e75c0c9e8b.js,37104
P102,Bài học,POST,/lessons/{id}/comments,Client xác nhận; chưa gửi request ghi,Có method/path trong service client; schema đầy đủ và response nghiệp vụ chưa được kiểm tra.,https://parroto.app/_next/static/chunks/9893-a13a51e75c0c9e8b.js,37386
P103,Level và XP,GET,/level,HTTP 401,Có method/path trong service client; schema đầy đủ và response nghiệp vụ chưa được kiểm tra.,https://parroto.app/_next/static/chunks/3480-e7911994a3ddca99.js,205
P104,Level và XP,GET,/level/config,HTTP 200,Có method/path trong service client; schema đầy đủ và response nghiệp vụ chưa được kiểm tra.,https://parroto.app/_next/static/chunks/3480-e7911994a3ddca99.js,167
P105,Level và XP,GET,/level/milestones,HTTP 401,Có method/path trong service client; schema đầy đủ và response nghiệp vụ chưa được kiểm tra.,https://parroto.app/_next/static/chunks/3480-e7911994a3ddca99.js,241
P106,Level và XP,POST,/level/milestones/{id}/claim,Client xác nhận; chưa gửi request ghi,Có method/path trong service client; schema đầy đủ và response nghiệp vụ chưa được kiểm tra.,https://parroto.app/_next/static/chunks/3480-e7911994a3ddca99.js,288
P107,Nhiệm vụ,GET,/missions/config,HTTP 200,Có method/path trong service client; schema đầy đủ và response nghiệp vụ chưa được kiểm tra.,https://parroto.app/_next/static/chunks/7963-55e712e1e6908b46.js,700
P108,Nhiệm vụ,POST,/missions/dictation/submit,Client xác nhận; chưa gửi request ghi,Có method/path trong service client; schema đầy đủ và response nghiệp vụ chưa được kiểm tra.,https://parroto.app/_next/static/chunks/7963-55e712e1e6908b46.js,1080
P109,Nhiệm vụ,GET,/missions/feed,Client xác nhận; chưa thử GET của route này,Có method/path trong service client; schema đầy đủ và response nghiệp vụ chưa được kiểm tra.,https://parroto.app/_next/static/chunks/7963-55e712e1e6908b46.js,1485
P110,Nhiệm vụ,POST,/missions/shadowing/submit,Client xác nhận; chưa gửi request ghi,POST multipart/form-data được xác nhận trong wrapper.,https://parroto.app/_next/static/chunks/7963-55e712e1e6908b46.js,787
P111,Nhiệm vụ,GET,/missions/today,HTTP 401,Có method/path trong service client; schema đầy đủ và response nghiệp vụ chưa được kiểm tra.,https://parroto.app/_next/static/chunks/7963-55e712e1e6908b46.js,741
P112,Nhiệm vụ,POST,/missions/vocabulary/submit,Client xác nhận; chưa gửi request ghi,Có method/path trong service client; schema đầy đủ và response nghiệp vụ chưa được kiểm tra.,https://parroto.app/_next/static/chunks/7963-55e712e1e6908b46.js,939
P113,Nhiệm vụ,POST,/missions/{id}/claim,Client xác nhận; chưa gửi request ghi,Có method/path trong service client; schema đầy đủ và response nghiệp vụ chưa được kiểm tra.,https://parroto.app/_next/static/chunks/7963-55e712e1e6908b46.js,1131
P114,Thông báo,GET,/notifications,HTTP 401,Có method/path trong service client; schema đầy đủ và response nghiệp vụ chưa được kiểm tra.,https://parroto.app/_next/static/chunks/pages/_app-6589d8431d4dbd84.js,411210
P115,Thông báo,DELETE,/notifications/read-all,Client xác nhận; chưa gửi request ghi,Wrapper dùng DELETE cho thao tác đọc tất cả.,https://parroto.app/_next/static/chunks/pages/_app-6589d8431d4dbd84.js,411384
P116,Thông báo,GET,/notifications/stats,HTTP 401,Có method/path trong service client; schema đầy đủ và response nghiệp vụ chưa được kiểm tra.,https://parroto.app/_next/static/chunks/pages/_app-6589d8431d4dbd84.js,411269
P117,Thông báo,DELETE,/notifications/{id},Client xác nhận; chưa gửi request ghi,"Wrapper đặt tên markAsRead nhưng dùng DELETE; cần đọc semantics, không suy ra xóa dữ liệu.",https://parroto.app/_next/static/chunks/pages/_app-6589d8431d4dbd84.js,411321
P118,Diễn đàn,GET,/posts,Client xác nhận; chưa thử GET của route này,Có method/path trong service client; schema đầy đủ và response nghiệp vụ chưa được kiểm tra.,https://parroto.app/_next/static/chunks/6114-76e464e05e385b43.js,1399
P119,Diễn đàn,POST,/posts,Client xác nhận; chưa gửi request ghi,Có method/path trong service client; schema đầy đủ và response nghiệp vụ chưa được kiểm tra.,https://parroto.app/_next/static/chunks/6114-76e464e05e385b43.js,1130
P120,Diễn đàn,GET,/posts/categories,HTTP 200,Có method/path trong service client; schema đầy đủ và response nghiệp vụ chưa được kiểm tra.,https://parroto.app/_next/static/chunks/6114-76e464e05e385b43.js,1760
P121,Diễn đàn,POST,/posts/comments,Client xác nhận; chưa gửi request ghi,Có method/path trong service client; schema đầy đủ và response nghiệp vụ chưa được kiểm tra.,https://parroto.app/_next/static/chunks/6114-76e464e05e385b43.js,1910
P122,Diễn đàn,GET,/posts/comments/post/{id},Client xác nhận; chưa thử GET của route này,"Query page, limit, ...; ID của post.",https://parroto.app/_next/static/chunks/6114-76e464e05e385b43.js,2326
P123,Diễn đàn,DELETE,/posts/comments/{id},Client xác nhận; chưa gửi request ghi,Có method/path trong service client; schema đầy đủ và response nghiệp vụ chưa được kiểm tra.,https://parroto.app/_next/static/chunks/6114-76e464e05e385b43.js,3113
P124,Diễn đàn,GET,/posts/comments/{id}/replies,Client xác nhận; chưa thử GET của route này,"Query page, limit, ...; ID của comment.",https://parroto.app/_next/static/chunks/6114-76e464e05e385b43.js,2764
P125,Diễn đàn,POST,/posts/comments/{id}/vote,Client xác nhận; chưa gửi request ghi,Có method/path trong service client; schema đầy đủ và response nghiệp vụ chưa được kiểm tra.,https://parroto.app/_next/static/chunks/6114-76e464e05e385b43.js,2958
P126,Diễn đàn,POST,/posts/reports,Client xác nhận; chưa gửi request ghi,Có method/path trong service client; schema đầy đủ và response nghiệp vụ chưa được kiểm tra.,https://parroto.app/_next/static/chunks/6114-76e464e05e385b43.js,3394
P127,Diễn đàn,DELETE,/posts/{id},Client xác nhận; chưa gửi request ghi,Có method/path trong service client; schema đầy đủ và response nghiệp vụ chưa được kiểm tra.,https://parroto.app/_next/static/chunks/6114-76e464e05e385b43.js,3736
P128,Diễn đàn,GET,/posts/{id},Client xác nhận; chưa thử GET của route này,Có method/path trong service client; schema đầy đủ và response nghiệp vụ chưa được kiểm tra.,https://parroto.app/_next/static/chunks/6114-76e464e05e385b43.js,1608
P129,Diễn đàn,POST,/posts/{id}/vote,Client xác nhận; chưa gửi request ghi,Có method/path trong service client; schema đầy đủ và response nghiệp vụ chưa được kiểm tra.,https://parroto.app/_next/static/chunks/6114-76e464e05e385b43.js,3251
P130,Giá,GET,/prices,HTTP 200,Có method/path trong service client; schema đầy đủ và response nghiệp vụ chưa được kiểm tra.,https://parroto.app/_next/static/chunks/pages/_app-6589d8431d4dbd84.js,449120
P131,Chat riêng,POST,/private-chat,Client xác nhận; chưa gửi request ghi,JSON {partner_id}.,https://parroto.app/_next/static/chunks/pages/_app-6589d8431d4dbd84.js,299834
P132,Chat riêng,GET,/private-chat/block,Client xác nhận; chưa thử GET của route này,"POST {blocked_id}; GET query page, limit.",https://parroto.app/_next/static/chunks/pages/_app-6589d8431d4dbd84.js,301275
P133,Chat riêng,POST,/private-chat/block,Client xác nhận; chưa gửi request ghi,"POST {blocked_id}; GET query page, limit.",https://parroto.app/_next/static/chunks/pages/_app-6589d8431d4dbd84.js,300981
P134,Chat riêng,GET,/private-chat/block/check/{id},Client xác nhận; chưa thử GET của route này,Có method/path trong service client; schema đầy đủ và response nghiệp vụ chưa được kiểm tra.,https://parroto.app/_next/static/chunks/pages/_app-6589d8431d4dbd84.js,301514
P135,Chat riêng,DELETE,/private-chat/block/{id},Client xác nhận; chưa gửi request ghi,Có method/path trong service client; schema đầy đủ và response nghiệp vụ chưa được kiểm tra.,https://parroto.app/_next/static/chunks/pages/_app-6589d8431d4dbd84.js,301057
P136,Chat riêng,GET,/private-chat/conversations,Client xác nhận; chưa thử GET của route này,Có method/path trong service client; schema đầy đủ và response nghiệp vụ chưa được kiểm tra.,https://parroto.app/_next/static/chunks/pages/_app-6589d8431d4dbd84.js,300184
P137,Chat riêng,POST,/private-chat/messages,Client xác nhận; chưa gửi request ghi,"JSON {conversation_id, text}.",https://parroto.app/_next/static/chunks/pages/_app-6589d8431d4dbd84.js,299934
P138,Chat riêng,DELETE,/private-chat/messages/{id},Client xác nhận; chưa gửi request ghi,Có method/path trong service client; schema đầy đủ và response nghiệp vụ chưa được kiểm tra.,https://parroto.app/_next/static/chunks/pages/_app-6589d8431d4dbd84.js,300906
P139,Chat riêng,GET,/private-chat/unread-count,HTTP 401,Có method/path trong service client; schema đầy đủ và response nghiệp vụ chưa được kiểm tra.,https://parroto.app/_next/static/chunks/pages/_app-6589d8431d4dbd84.js,301618
P140,Chat riêng,GET,/private-chat/{id}/messages,Client xác nhận; chưa thử GET của route này,Có method/path trong service client; schema đầy đủ và response nghiệp vụ chưa được kiểm tra.,https://parroto.app/_next/static/chunks/pages/_app-6589d8431d4dbd84.js,300635
P141,Chat riêng,POST,/private-chat/{id}/read,Client xác nhận; chưa gửi request ghi,Có method/path trong service client; schema đầy đủ và response nghiệp vụ chưa được kiểm tra.,https://parroto.app/_next/static/chunks/pages/_app-6589d8431d4dbd84.js,300830
P142,Khuyến mãi,GET,/promo/active,Client xác nhận; chưa thử GET của route này,Có method/path trong service client; schema đầy đủ và response nghiệp vụ chưa được kiểm tra.,https://parroto.app/_next/static/chunks/pages/_app-6589d8431d4dbd84.js,302304
P143,Khuyến mãi,POST,/promo/validate,Client xác nhận; chưa gửi request ghi,Có method/path trong service client; schema đầy đủ và response nghiệp vụ chưa được kiểm tra.,https://parroto.app/_next/static/chunks/pages/_app-6589d8431d4dbd84.js,303448
P144,Báo lỗi câu,POST,/sentence-errors,Client xác nhận; chưa gửi request ghi,Có method/path trong service client; schema đầy đủ và response nghiệp vụ chưa được kiểm tra.,https://parroto.app/_next/static/chunks/5385-0712f564b7d3daea.js,1111
P145,Ghi chú câu,GET,/sentence-notes,HTTP 401,GET có thể lọc lesson_id.,https://parroto.app/_next/static/chunks/5385-0712f564b7d3daea.js,347
P146,Ghi chú câu,DELETE,/sentence-notes/{id},Client xác nhận; chưa gửi request ghi,Có method/path trong service client; schema đầy đủ và response nghiệp vụ chưa được kiểm tra.,https://parroto.app/_next/static/chunks/5385-0712f564b7d3daea.js,708
P147,Ghi chú câu,POST,/sentence-notes/{id},Client xác nhận; chưa gửi request ghi,Có method/path trong service client; schema đầy đủ và response nghiệp vụ chưa được kiểm tra.,https://parroto.app/_next/static/chunks/5385-0712f564b7d3daea.js,523
P148,Ghi chú câu,PUT,/sentence-notes/{id},Client xác nhận; chưa gửi request ghi,Có method/path trong service client; schema đầy đủ và response nghiệp vụ chưa được kiểm tra.,https://parroto.app/_next/static/chunks/5385-0712f564b7d3daea.js,869
P149,Chấm và ôn câu,GET,/sentences/review,HTTP 401,Có method/path trong service client; schema đầy đủ và response nghiệp vụ chưa được kiểm tra.,https://parroto.app/_next/static/chunks/pages/_app-6589d8431d4dbd84.js,305115
P150,Chấm và ôn câu,POST,/sentences/review/submit,Client xác nhận; chưa gửi request ghi,"JSON {data: ...}; source dùng đường dẫn không có slash đầu, đã chuẩn hóa theo baseURL.",https://parroto.app/_next/static/chunks/pages/_app-6589d8431d4dbd84.js,305306
P151,Chấm và ôn câu,POST,/sentences/review/submit-shadowing,Client xác nhận; chưa gửi request ghi,JSON {data: ...}; source dùng đường dẫn không có slash đầu.,https://parroto.app/_next/static/chunks/pages/_app-6589d8431d4dbd84.js,305475
P152,Chấm và ôn câu,POST,/sentences/submit,Client xác nhận; chưa gửi request ghi,JSON {data: ...} qua helper đóng gói.,https://parroto.app/_next/static/chunks/pages/_app-6589d8431d4dbd84.js,298068
P153,Chấm và ôn câu,POST,/sentences/submit-shadowing,Client xác nhận; chưa gửi request ghi,JSON {data: ...}; wrapper này không dùng postWithFormData.,https://parroto.app/_next/static/chunks/pages/_app-6589d8431d4dbd84.js,298223
P154,Cửa hàng,GET,/shop/items,HTTP 200,Có method/path trong service client; schema đầy đủ và response nghiệp vụ chưa được kiểm tra.,https://parroto.app/_next/static/chunks/pages/shop-1f9804bb2dd0ea93.js,1666
P155,Cửa hàng,POST,/shop/items/purchase,Client xác nhận; chưa gửi request ghi,Có method/path trong service client; schema đầy đủ và response nghiệp vụ chưa được kiểm tra.,https://parroto.app/_next/static/chunks/pages/shop-1f9804bb2dd0ea93.js,1996
P156,Cửa hàng,GET,/shop/items/purchased/by-type,HTTP 401,Có method/path trong service client; schema đầy đủ và response nghiệp vụ chưa được kiểm tra.,https://parroto.app/_next/static/chunks/pages/shop-1f9804bb2dd0ea93.js,1818
P157,Cửa hàng,PATCH,/shop/items/purchased/{id}/toggle,Client xác nhận; chưa gửi request ghi,Có method/path trong service client; schema đầy đủ và response nghiệp vụ chưa được kiểm tra.,https://parroto.app/_next/static/chunks/pages/shop-1f9804bb2dd0ea93.js,2156
P158,Streak,GET,/streak,HTTP 401,Có method/path trong service client; schema đầy đủ và response nghiệp vụ chưa được kiểm tra.,https://parroto.app/_next/static/chunks/3480-e7911994a3ddca99.js,602
P159,Streak,GET,/streak/calendar,Client xác nhận; chưa thử GET của route này,"Query from, to.",https://parroto.app/_next/static/chunks/3480-e7911994a3ddca99.js,763
P160,Streak,POST,/streak/checkin,Client xác nhận; chưa gửi request ghi,Có method/path trong service client; schema đầy đủ và response nghiệp vụ chưa được kiểm tra.,https://parroto.app/_next/static/chunks/3480-e7911994a3ddca99.js,862
P161,Streak,GET,/streak/config,HTTP 200,Có method/path trong service client; schema đầy đủ và response nghiệp vụ chưa được kiểm tra.,https://parroto.app/_next/static/chunks/3480-e7911994a3ddca99.js,563
P162,Streak,POST,/streak/freeze/buy,Client xác nhận; chưa gửi request ghi,Có method/path trong service client; schema đầy đủ và response nghiệp vụ chưa được kiểm tra.,https://parroto.app/_next/static/chunks/3480-e7911994a3ddca99.js,1094
P163,Streak,GET,/streak/milestones,HTTP 401,Có method/path trong service client; schema đầy đủ và response nghiệp vụ chưa được kiểm tra.,https://parroto.app/_next/static/chunks/3480-e7911994a3ddca99.js,820
P164,Streak,POST,/streak/milestones/{id}/claim,Client xác nhận; chưa gửi request ghi,Query cycle.,https://parroto.app/_next/static/chunks/3480-e7911994a3ddca99.js,1012
P165,Hồ sơ / từ cá nhân / thống kê,PUT,/user/birthday,Client xác nhận; chưa gửi request ghi,Có method/path trong service client; schema đầy đủ và response nghiệp vụ chưa được kiểm tra.,https://parroto.app/_next/static/chunks/pages/_app-6589d8431d4dbd84.js,301777
P166,Hồ sơ / từ cá nhân / thống kê,GET,/user/completed-sentences/{id},Client xác nhận; chưa thử GET của route này,Có method/path trong service client; schema đầy đủ và response nghiệp vụ chưa được kiểm tra.,https://parroto.app/_next/static/chunks/pages/_app-6589d8431d4dbd84.js,308415
P167,Hồ sơ / từ cá nhân / thống kê,GET,/user/info,HTTP 401,GET hồ sơ; PUT multipart cập nhật thông tin. Một số setting học được lưu ở đây.,https://parroto.app/_next/static/chunks/pages/_app-6589d8431d4dbd84.js,306319
P168,Hồ sơ / từ cá nhân / thống kê,PUT,/user/info,Client xác nhận; chưa gửi request ghi,GET hồ sơ; PUT multipart cập nhật thông tin. Một số setting học được lưu ở đây.,https://parroto.app/_next/static/chunks/pages/_app-6589d8431d4dbd84.js,308313
P169,Hồ sơ / từ cá nhân / thống kê,GET,/user/info/{id},Client xác nhận; chưa thử GET của route này,Có method/path trong service client; schema đầy đủ và response nghiệp vụ chưa được kiểm tra.,https://parroto.app/_next/static/chunks/pages/_app-6589d8431d4dbd84.js,306759
P170,Hồ sơ / từ cá nhân / thống kê,POST,/user/lesson-progress,Client xác nhận; chưa gửi request ghi,"POST JSON {lessonIds: [...]}; đọc batch tiến độ, không phải lưu vị trí xem.",https://parroto.app/_next/static/chunks/pages/_app-6589d8431d4dbd84.js,307386
P171,Hồ sơ / từ cá nhân / thống kê,GET,/user/ranking-history,HTTP 401,Có method/path trong service client; schema đầy đủ và response nghiệp vụ chưa được kiểm tra.,https://parroto.app/_next/static/chunks/pages/_app-6589d8431d4dbd84.js,307198
P172,Hồ sơ / từ cá nhân / thống kê,PUT,/user/selected-item,Client xác nhận; chưa gửi request ghi,Có method/path trong service client; schema đầy đủ và response nghiệp vụ chưa được kiểm tra.,https://parroto.app/_next/static/chunks/pages/_app-6589d8431d4dbd84.js,307636
P173,Hồ sơ / từ cá nhân / thống kê,GET,/user/stats,HTTP 401,Có method/path trong service client; schema đầy đủ và response nghiệp vụ chưa được kiểm tra.,https://parroto.app/_next/static/chunks/pages/_app-6589d8431d4dbd84.js,307050
P174,Hồ sơ / từ cá nhân / thống kê,PUT,/user/username,Client xác nhận; chưa gửi request ghi,Có method/path trong service client; schema đầy đủ và response nghiệp vụ chưa được kiểm tra.,https://parroto.app/_next/static/chunks/pages/_app-6589d8431d4dbd84.js,306455
P175,Hồ sơ / từ cá nhân / thống kê,GET,/user/username/check,Client xác nhận; chưa thử GET của route này,Có method/path trong service client; schema đầy đủ và response nghiệp vụ chưa được kiểm tra.,https://parroto.app/_next/static/chunks/pages/_app-6589d8431d4dbd84.js,306561
P176,Hồ sơ / từ cá nhân / thống kê,GET,/user/vocabulary-review,Client xác nhận; chưa thử GET của route này,Có method/path trong service client; schema đầy đủ và response nghiệp vụ chưa được kiểm tra.,https://parroto.app/_next/static/chunks/pages/_app-6589d8431d4dbd84.js,308843
P177,Hồ sơ / từ cá nhân / thống kê,POST,/user/vocabulary-review,Client xác nhận; chưa gửi request ghi,Có method/path trong service client; schema đầy đủ và response nghiệp vụ chưa được kiểm tra.,https://parroto.app/_next/static/chunks/pages/_app-6589d8431d4dbd84.js,308549
P178,Hồ sơ / từ cá nhân / thống kê,DELETE,/user/vocabulary-review/{id},Client xác nhận; chưa gửi request ghi,Có method/path trong service client; schema đầy đủ và response nghiệp vụ chưa được kiểm tra.,https://parroto.app/_next/static/chunks/pages/_app-6589d8431d4dbd84.js,309468
P179,Hồ sơ / từ cá nhân / thống kê,POST,/user/vocabulary/cards,Client xác nhận; chưa gửi request ghi,Có method/path trong service client; schema đầy đủ và response nghiệp vụ chưa được kiểm tra.,https://parroto.app/_next/static/chunks/5829-72dd29a9dd78041d.js,3581
P180,Hồ sơ / từ cá nhân / thống kê,POST,/user/vocabulary/cards/import,Client xác nhận; chưa gửi request ghi,Có method/path trong service client; schema đầy đủ và response nghiệp vụ chưa được kiểm tra.,https://parroto.app/_next/static/chunks/5829-72dd29a9dd78041d.js,4064
P181,Hồ sơ / từ cá nhân / thống kê,DELETE,/user/vocabulary/cards/{id},Client xác nhận; chưa gửi request ghi,Có method/path trong service client; schema đầy đủ và response nghiệp vụ chưa được kiểm tra.,https://parroto.app/_next/static/chunks/5829-72dd29a9dd78041d.js,3847
P182,Hồ sơ / từ cá nhân / thống kê,GET,/user/vocabulary/cards/{id},Client xác nhận; chưa thử GET của route này,Có method/path trong service client; schema đầy đủ và response nghiệp vụ chưa được kiểm tra.,https://parroto.app/_next/static/chunks/5829-72dd29a9dd78041d.js,3712
P183,Hồ sơ / từ cá nhân / thống kê,PUT,/user/vocabulary/cards/{id},Client xác nhận; chưa gửi request ghi,Có method/path trong service client; schema đầy đủ và response nghiệp vụ chưa được kiểm tra.,https://parroto.app/_next/static/chunks/5829-72dd29a9dd78041d.js,3780
P184,Hồ sơ / từ cá nhân / thống kê,GET,/user/vocabulary/decks,HTTP 401,Có method/path trong service client; schema đầy đủ và response nghiệp vụ chưa được kiểm tra.,https://parroto.app/_next/static/chunks/5829-72dd29a9dd78041d.js,2719
P185,Hồ sơ / từ cá nhân / thống kê,POST,/user/vocabulary/decks,Client xác nhận; chưa gửi request ghi,Có method/path trong service client; schema đầy đủ và response nghiệp vụ chưa được kiểm tra.,https://parroto.app/_next/static/chunks/5829-72dd29a9dd78041d.js,2664
P186,Hồ sơ / từ cá nhân / thống kê,DELETE,/user/vocabulary/decks/{id},Client xác nhận; chưa gửi request ghi,Có method/path trong service client; schema đầy đủ và response nghiệp vụ chưa được kiểm tra.,https://parroto.app/_next/static/chunks/5829-72dd29a9dd78041d.js,2932
P187,Hồ sơ / từ cá nhân / thống kê,GET,/user/vocabulary/decks/{id},Client xác nhận; chưa thử GET của route này,Có method/path trong service client; schema đầy đủ và response nghiệp vụ chưa được kiểm tra.,https://parroto.app/_next/static/chunks/5829-72dd29a9dd78041d.js,2779
P188,Hồ sơ / từ cá nhân / thống kê,PUT,/user/vocabulary/decks/{id},Client xác nhận; chưa gửi request ghi,Có method/path trong service client; schema đầy đủ và response nghiệp vụ chưa được kiểm tra.,https://parroto.app/_next/static/chunks/5829-72dd29a9dd78041d.js,2865
P189,Hồ sơ / từ cá nhân / thống kê,GET,/user/vocabulary/decks/{id}/groups,Client xác nhận; chưa thử GET của route này,Có method/path trong service client; schema đầy đủ và response nghiệp vụ chưa được kiểm tra.,https://parroto.app/_next/static/chunks/5829-72dd29a9dd78041d.js,3296
P190,Hồ sơ / từ cá nhân / thống kê,POST,/user/vocabulary/decks/{id}/publish,Client xác nhận; chưa gửi request ghi,Có method/path trong service client; schema đầy đủ và response nghiệp vụ chưa được kiểm tra.,https://parroto.app/_next/static/chunks/5829-72dd29a9dd78041d.js,3001
P191,Hồ sơ / từ cá nhân / thống kê,POST,/user/vocabulary/decks/{id}/unpublish,Client xác nhận; chưa gửi request ghi,Có method/path trong service client; schema đầy đủ và response nghiệp vụ chưa được kiểm tra.,https://parroto.app/_next/static/chunks/5829-72dd29a9dd78041d.js,3081
P192,Hồ sơ / từ cá nhân / thống kê,POST,/user/vocabulary/groups,Client xác nhận; chưa gửi request ghi,Có method/path trong service client; schema đầy đủ và response nghiệp vụ chưa được kiểm tra.,https://parroto.app/_next/static/chunks/5829-72dd29a9dd78041d.js,3239
P193,Hồ sơ / từ cá nhân / thống kê,DELETE,/user/vocabulary/groups/{id},Client xác nhận; chưa gửi request ghi,Có method/path trong service client; schema đầy đủ và response nghiệp vụ chưa được kiểm tra.,https://parroto.app/_next/static/chunks/5829-72dd29a9dd78041d.js,3512
P194,Hồ sơ / từ cá nhân / thống kê,GET,/user/vocabulary/groups/{id},Client xác nhận; chưa thử GET của route này,Có method/path trong service client; schema đầy đủ và response nghiệp vụ chưa được kiểm tra.,https://parroto.app/_next/static/chunks/5829-72dd29a9dd78041d.js,3373
P195,Hồ sơ / từ cá nhân / thống kê,PUT,/user/vocabulary/groups/{id},Client xác nhận; chưa gửi request ghi,Có method/path trong service client; schema đầy đủ và response nghiệp vụ chưa được kiểm tra.,https://parroto.app/_next/static/chunks/5829-72dd29a9dd78041d.js,3443
P196,Hồ sơ / từ cá nhân / thống kê,GET,/user/vocabulary/groups/{id}/cards,Client xác nhận; chưa thử GET của route này,Có method/path trong service client; schema đầy đủ và response nghiệp vụ chưa được kiểm tra.,https://parroto.app/_next/static/chunks/5829-72dd29a9dd78041d.js,3636
P197,Hồ sơ / từ cá nhân / thống kê,GET,/user/vocabulary/search,HTTP 401,Có method/path trong service client; schema đầy đủ và response nghiệp vụ chưa được kiểm tra.,https://parroto.app/_next/static/chunks/5829-72dd29a9dd78041d.js,3989
P198,Vocab battle,GET,/vocab-battle/activity/{id},Client xác nhận; chưa thử GET của route này,Có method/path trong service client; schema đầy đủ và response nghiệp vụ chưa được kiểm tra.,https://parroto.app/_next/static/chunks/4793.a02c947aba75f9e0.js,3473
P199,Vocab battle,GET,/vocab-battle/leaderboard,HTTP 200,Có method/path trong service client; schema đầy đủ và response nghiệp vụ chưa được kiểm tra.,https://parroto.app/_next/static/chunks/4793.a02c947aba75f9e0.js,3670
P200,Catalog từ công khai,GET,/vocabulary/enc/public,HTTP 200,GET catalog; wrapper truyền object query; có thể trả envelope mã hóa.,https://parroto.app/_next/static/chunks/2189-4fe1fa23085f5ad2.js,254
P201,Catalog từ công khai,GET,/vocabulary/enc/public/by-slug/{id},Client xác nhận; chưa thử GET của route này,Tham số path là slug; query incrementView.,https://parroto.app/_next/static/chunks/2189-4fe1fa23085f5ad2.js,453
P202,Catalog từ công khai,GET,/vocabulary/enc/public/user-published,HTTP 200,Có method/path trong service client; schema đầy đủ và response nghiệp vụ chưa được kiểm tra.,https://parroto.app/_next/static/chunks/5829-72dd29a9dd78041d.js,3167
P203,Catalog từ công khai,GET,/vocabulary/enc/public/{id},Client xác nhận; chưa thử GET của route này,Query incrementView.,https://parroto.app/_next/static/chunks/2189-4fe1fa23085f5ad2.js,339
P204,Catalog từ công khai,GET,/vocabulary/enc/public/{id}/groups,Client xác nhận; chưa thử GET của route này,Có method/path trong service client; schema đầy đủ và response nghiệp vụ chưa được kiểm tra.,https://parroto.app/_next/static/chunks/2189-4fe1fa23085f5ad2.js,632
P205,Catalog từ công khai,GET,/vocabulary/enc/public/{id}/groups/{id}/cards,Client xác nhận; chưa thử GET của route này,"Hai {id} lần lượt là deck_id, group_id.",https://parroto.app/_next/static/chunks/2189-4fe1fa23085f5ad2.js,747
P206,Catalog từ công khai,POST,/vocabulary/{id}/study,Client xác nhận; chưa gửi request ghi,Có method/path trong service client; schema đầy đủ và response nghiệp vụ chưa được kiểm tra.,https://parroto.app/_next/static/chunks/2189-4fe1fa23085f5ad2.js,569
P207,Báo lỗi từ,POST,/vocabulary-errors,Client xác nhận; chưa gửi request ghi,Có method/path trong service client; schema đầy đủ và response nghiệp vụ chưa được kiểm tra.,https://parroto.app/_next/static/chunks/6178-b8cb8f9b923191e8.js,208
P208,Luyện nói cộng đồng,GET,/voice-chat/activity/{id},Client xác nhận; chưa thử GET của route này,Có method/path trong service client; schema đầy đủ và response nghiệp vụ chưa được kiểm tra.,https://parroto.app/_next/static/chunks/3421.f6dda72de716f38c.js,5725
P209,Luyện nói cộng đồng,GET,/voice-chat/topics,HTTP 200,Có method/path trong service client; schema đầy đủ và response nghiệp vụ chưa được kiểm tra.,https://parroto.app/_next/static/chunks/3421.f6dda72de716f38c.js,5403
P210,Luyện nói cộng đồng,GET,/voice-chat/topics/{id},Client xác nhận; chưa thử GET của route này,Có method/path trong service client; schema đầy đủ và response nghiệp vụ chưa được kiểm tra.,https://parroto.app/_next/static/chunks/3421.f6dda72de716f38c.js,5553
P211,Ví điểm,GET,/wallet,HTTP 401,Có method/path trong service client; schema đầy đủ và response nghiệp vụ chưa được kiểm tra.,https://parroto.app/_next/static/chunks/3480-e7911994a3ddca99.js,1149
P212,Thanh toán,POST,/webhooks/sepay/generate-code,Client xác nhận; chưa gửi request ghi,Có method/path trong service client; schema đầy đủ và response nghiệp vụ chưa được kiểm tra.,https://parroto.app/_next/static/chunks/pages/_app-6589d8431d4dbd84.js,532957
P213,Thanh toán,GET,/webhooks/sepay/payment-status,Client xác nhận; chưa thử GET của route này,Có method/path trong service client; schema đầy đủ và response nghiệp vụ chưa được kiểm tra.,https://parroto.app/_next/static/chunks/pages/_app-6589d8431d4dbd84.js,535212
